run_id,edi_method,policy,control_interval_s,corruption_ratio,data_scale,active_users_avg,arrival_rate_avg,cpu_util_avg,num_edge_servers,start_ts,end_ts,status
DL-EDI_VFCO_T60_CR0.05_DS5_U20_A5_CPU0.35_20260315_205058,DL-EDI,VFCO,60.0,0.05,5,20,5,0.35,4,2026-03-15 20:50:58,2026-03-15 20:53:29,completed
DL-EDI_VFCO_T600_CR0.05_DS8_U20_A5_CPU0.35_,DL-EDI,VFCO,600.0,0.05,8,20,5,0.35,4,2026-03-16 16:07:26,,started
DL-EDI_VFCO_T60_CR0.05_DS8_U20_A5_CPU0.35_,DL-EDI,VFCO,60.0,0.05,8,20,5,0.35,4,2026-03-16 17:29:24,2026-03-16 18:59:01,completed
DL-EDI_VFCO_T60_CR0.05_DS8_U20_A5_CPU0.35_,DL-EDI,VFCO,60.0,0.05,8,20,5,0.35,4,2026-03-16 17:49:59,2026-03-16 18:59:01,completed
DL-EDI_VFCO_T120_CR0.05_DS8_U20_A5_CPU0.35_,DL-EDI,VFCO,120.0,0.05,8,20,5,0.35,4,2026-03-16 17:52:08,,started
DL-EDI_VFCO_T60_CR0.05_DS8_U20_A5_CPU0.35_,DL-EDI,VFCO,60.0,0.05,8,20,5,0.35,4,2026-03-16 17:56:39,2026-03-16 18:59:01,completed
DL-EDI_VFCO_T60_CR0.05_DS8_U20_A5_CPU0.35_,DL-EDI,VFCO,60.0,0.05,8,20,5,0.35,4,2026-03-16 18:40:36,2026-03-16 18:59:01,completed
DL-EDI_VFCO_T60_CR0.05_DS8_U20_A5_CPU0.35_,DL-EDI,VFCO,60.0,0.05,8,20,5,0.35,4,2026-03-16 18:53:34,2026-03-16 18:59:01,completed
DL-EDI_VFCO_T300_CR5_DS8_U30_A5_CPU0.35_,DL-EDI,VFCO,300.0,5,8,30,5,0.35,4,2026-03-17 16:05:59,2026-03-18 17:22:52,completed
DL-EDI_VFCO_T300_CR5_DS8_U30_A5_CPU0.35_,DL-EDI,VFCO,300.0,5,8,30,5,0.35,4,2026-03-17 16:25:18,2026-03-18 17:22:52,completed
DL-EDI_VFCO_T300_CR5_DS8_U30_A5_CPU0.35_,DL-EDI,VFCO,300.0,5,8,30,5,0.35,4,2026-03-17 16:25:44,2026-03-18 17:22:52,completed
DL-EDI_VFCO_T300_CR5_DS8_U30_A5_CPU0.35_,DL-EDI,VFCO,300.0,5,8,30,5,0.35,4,2026-03-17 16:25:57,2026-03-18 17:22:52,completed
DL-EDI_VFCO_T300_CR5_DS8_U30_A5_CPU0.35_,DL-EDI,VFCO,300.0,5,8,30,5,0.35,4,2026-03-17 16:26:37,2026-03-18 17:22:52,completed
DL-EDI_VFCO_T300_CR5_DS8_U30_A5_CPU0.35_,DL-EDI,VFCO,300.0,5,8,30,5,0.35,4,2026-03-17 16:27:13,2026-03-18 17:22:52,completed
DL-EDI_VFCO_T300_CR5_DS8_U30_A5_CPU0.35_,DL-EDI,VFCO,300.0,5,8,30,5,0.35,4,2026-03-17 16:27:28,2026-03-18 17:22:52,completed
DL-EDI_VFCO_T300_CR5_DS8_U30_A5_CPU0.35_,DL-EDI,VFCO,300.0,5,8,30,5,0.35,4,2026-03-17 16:29:10,2026-03-18 17:22:52,completed
DL-EDI_VFCO_T300_CR5_DS8_U30_A5_CPU0.35_,DL-EDI,VFCO,300.0,5,8,30,5,0.35,4,2026-03-17 16:30:10,2026-03-18 17:22:52,completed
DL-EDI_VFCO_T300_CR5_DS2_U30_A5_CPU0.35_,DL-EDI,VFCO,300.0,5,2,30,5,0.35,4,2026-03-17 17:05:37,2026-03-18 06:27:11,completed
DL-EDI_VFCO_T300_CR5_DS2_U30_A5_CPU0.35_,DL-EDI,VFCO,300.0,5,2,30,5,0.35,4,2026-03-17 17:05:53,2026-03-18 06:27:11,completed
DL-EDI_VFCO_T300_CR5_DS4_U30_A5_CPU0.35_,DL-EDI,VFCO,300.0,5,4,30,5,0.35,4,2026-03-17 17:31:49,2026-03-17 17:56:33,completed
DL-EDI_VFCO_T300_CR5_DS32_U30_A5_CPU0.35_,DL-EDI,VFCO,300.0,5,32,30,5,0.35,4,2026-03-17 17:57:50,2026-03-18 16:49:02,completed
DL-EDI_VFCO_T300_CR5_DS32_U30_A5_CPU0.35_,DL-EDI,VFCO,300.0,5,32,30,5,0.35,4,2026-03-17 18:54:34,2026-03-18 16:49:02,completed
DL-EDI_VFCO_T300_CR5_DS32_U30_A5_CPU0.35_,DL-EDI,VFCO,300.0,5,32,30,5,0.35,4,2026-03-17 18:55:09,2026-03-18 16:49:02,completed
DL-EDI_VFCO_T300_CR5_DS8_U30_A5_CPU0.35_,DL-EDI,VFCO,300.0,5,8,30,5,0.35,4,2026-03-18 01:02:28,2026-03-18 17:22:52,completed
DL-EDI_VFCO_T300_CR5_DS16_U30_A5_CPU0.35_,DL-EDI,VFCO,300.0,5,16,30,5,0.35,4,2026-03-18 01:05:12,,started
DL-EDI_VFCO_T300_CR5_DS16_U30_A5_CPU0.35_,DL-EDI,VFCO,300.0,5,16,30,5,0.35,4,2026-03-18 01:25:17,,started
DL-EDI_VFCO_T300_CR5_DS16_U30_A5_CPU0.35_,DL-EDI,VFCO,300.0,5,16,30,5,0.35,4,2026-03-18 01:25:47,,started
DL-EDI_VFCO_T300_CR5_DS16_U30_A5_CPU0.35_,DL-EDI,VFCO,300.0,5,16,30,5,0.35,4,2026-03-18 01:28:58,,started
DL-EDI_VFCO_T300_CR5_DS32_U30_A5_CPU0.35_,DL-EDI,VFCO,300.0,5,32,30,5,0.35,4,2026-03-18 01:29:19,2026-03-18 16:49:02,completed
DL-EDI_VFCO_T300_CR5_DS32_U30_A5_CPU0.35_,DL-EDI,VFCO,300.0,5,32,30,5,0.35,7,2026-03-18 01:32:46,2026-03-18 16:49:02,completed
DL-EDI_VFCO_T300_CR5_DS32_U30_A5_CPU0.35_,DL-EDI,VFCO,300.0,5,32,30,5,0.35,4,2026-03-18 01:33:28,2026-03-18 16:49:02,completed
DL-EDI_VFCO_T300_CR5_DS32_U30_A5_CPU0.35_,DL-EDI,VFCO,300.0,5,32,30,5,0.35,4,2026-03-18 01:36:42,2026-03-18 16:49:02,completed
DL-EDI_VFCO_T300_CR5_DS32_U30_A5_CPU0.35_,DL-EDI,VFCO,300.0,5,32,30,5,0.35,4,2026-03-18 01:42:29,2026-03-18 16:49:02,completed
DL-EDI_VFCO_T300_CR5_DS8_U30_A5_CPU0.35_,DL-EDI,VFCO,300.0,5,8,30,5,0.35,4,2026-03-18 01:43:43,2026-03-18 17:22:52,completed
DL-EDI_VFCO_T300_CR5_DS16_U30_A5_CPU0.35_,DL-EDI,VFCO,300.0,5,16,30,5,0.35,4,2026-03-18 01:47:13,,started
DL-EDI_VFCO_T300_CR5_DS16_U30_A5_CPU0.35_,DL-EDI,VFCO,300.0,5,16,30,5,0.35,4,2026-03-18 01:53:53,,started
DL-EDI_VFCO_T300_CR5_DS16_U30_A5_CPU0.35_,DL-EDI,VFCO,300.0,5,16,30,5,0.35,4,2026-03-18 01:57:49,,started
DL-EDI_VFCO_T300_CR5_DS16_U30_A5_CPU0.35_,DL-EDI,VFCO,300.0,5,16,30,5,0.35,4,2026-03-18 01:59:51,,started
DL-EDI_VFCO_T300_CR5_DS2_U30_A5_CPU0.35_,DL-EDI,VFCO,300.0,5,2,30,5,0.35,4,2026-03-18 06:00:27,2026-03-18 06:27:11,completed
DL-EDI_VFCO_T300_CR0.05_DS16_U30_A5_CPU0.35_,DL-EDI,VFCO,300.0,0.05,16,30,5,0.35,4,2026-03-18 14:47:38,2026-03-24 19:47:02,completed
DL-EDI_VFCO_T300_CR0.05_DS16_U30_A5_CPU0.35_,DL-EDI,VFCO,300.0,0.05,16,30,5,0.35,4,2026-03-18 15:43:52,2026-03-24 19:47:02,completed
DL-EDI_VFCO_T300_CR0.05_DS16_U30_A5_CPU0.35_,DL-EDI,VFCO,300.0,0.05,16,30,5,0.35,4,2026-03-18 15:45:19,2026-03-24 19:47:02,completed
DL-EDI_VFCO_T300_CR5_DS32_U30_A5_CPU0.35_,DL-EDI,VFCO,300.0,5,32,30,5,0.35,4,2026-03-18 16:15:19,2026-03-18 16:49:02,completed
DL-EDI_VFCO_T300_CR5_DS8_U30_A5_CPU0.35_,DL-EDI,VFCO,300.0,5,8,30,5,0.35,4,2026-03-18 16:59:21,2026-03-18 17:22:52,completed
DL-EDI_VFCO_T300_CR5_DS8_U30_A5_CPU0.35_,DL-EDI,VFCO,300.0,5,8,30,5,0.35,4,2026-03-18 17:36:14,,started
DL-EDI_VFCO_T300_CR0.05_DS2_U30_A5_CPU0.35_,DL-EDI,VFCO,300.0,0.05,2,30,5,0.35,4,2026-03-18 17:38:10,2026-03-24 20:43:13,completed
DL-EDI_VFCO_T300_CR0.05_DS4_U30_A5_CPU0.35_,DL-EDI,VFCO,300.0,0.05,4,30,5,0.35,4,2026-03-18 18:21:36,2026-03-24 16:33:30,completed
DL-EDI_VFCO_T300_CR0.05_DS8_U30_A5_CPU0.35_,DL-EDI,VFCO,300.0,0.05,8,30,5,0.35,4,2026-03-18 19:06:04,2026-04-01 22:42:51,completed
DL-EDI_VFCO_T300_CR0.05_DS8_U30_A5_CPU0.35_,DL-EDI,VFCO,300.0,0.05,8,30,5,0.35,4,2026-03-18 19:06:20,2026-04-01 22:42:51,completed
DL-EDI_VFCO_T300_CR0.05_DS8_U30_A5_CPU0.35_,DL-EDI,VFCO,300.0,0.05,8,30,5,0.35,4,2026-03-18 23:00:52,2026-04-01 22:42:51,completed
DL-EDI_VFCO_T300_CR0.05_DS16_U30_A5_CPU0.35_,DL-EDI,VFCO,300.0,0.05,16,30,5,0.35,4,2026-03-18 23:25:40,2026-03-24 19:47:02,completed
DL-EDI_VFCO_T300_CR0.05_DS32_U30_A5_CPU0.35_,DL-EDI,VFCO,300.0,0.05,32,30,5,0.35,4,2026-03-19 00:11:23,2026-03-24 17:56:23,completed
DL-EDI_VFCO_T300_CR0.05_DS32_U30_A1_CPU0.35_,DL-EDI,VFCO,300.0,0.05,32,30,1,0.35,4,2026-03-19 00:52:23,,started
DL-EDI_VFCO_T300_CR0.05_DS8_U30_A1_CPU0.35_,DL-EDI,VFCO,300.0,0.05,8,30,1,0.35,4,2026-03-19 00:52:50,2026-03-25 20:54:19,completed
DL-EDI_VFCO_T300_CR0.05_DS8_U30_A2_CPU0.35_,DL-EDI,VFCO,300.0,0.05,8,30,2,0.35,4,2026-03-19 01:23:32,2026-03-25 22:52:11,completed
DL-EDI_VFCO_T300_CR0.05_DS8_U30_A2_CPU0.35_,DL-EDI,VFCO,300.0,0.05,8,30,2,0.35,4,2026-03-19 01:37:42,2026-03-25 22:52:11,completed
DL-EDI_VFCO_T300_CR0.05_DS8_U30_A3_CPU0.35_,DL-EDI,VFCO,300.0,0.05,8,30,3,0.35,4,2026-03-19 01:38:17,2026-03-26 01:16:35,completed
DL-EDI_VFCO_T300_CR0.05_DS8_U30_A7_CPU0.35_,DL-EDI,VFCO,300.0,0.05,8,30,7,0.35,4,2026-03-19 06:01:02,2026-03-26 03:15:26,completed
DL-EDI_VFCO_T300_CR0.05_DS8_U30_A9_CPU0.35_,DL-EDI,VFCO,300.0,0.05,8,30,9,0.35,4,2026-03-19 06:28:18,2026-03-26 12:39:49,completed
DL-EDI_VFCO_T300_CR0.05_DS8_U10_A5_CPU0.35_,DL-EDI,VFCO,300.0,0.05,8,10,5,0.35,4,2026-03-19 07:15:18,2026-03-25 15:16:40,completed
DL-EDI_VFCO_T300_CR0.05_DS8_U20_A5_CPU0.35_,DL-EDI,VFCO,300.0,0.05,8,20,5,0.35,4,2026-03-19 14:32:37,2026-03-25 16:41:41,completed
DL-EDI_VFCO_T300_CR0.05_DS8_U40_A5_CPU0.35_,DL-EDI,VFCO,300.0,0.05,8,40,5,0.35,4,2026-03-19 15:26:13,2026-03-25 18:00:54,completed
DL-EDI_VFCO_T300_CR0.05_DS8_U50_A5_CPU0.35_,DL-EDI,VFCO,300.0,0.05,8,50,5,0.35,4,2026-03-19 15:57:18,2026-03-25 19:31:58,completed
DL-EDI_VFCO_T300_CR0.05_DS8_U30_A5_CPU0.25_,DL-EDI,VFCO,300.0,0.05,8,30,5,0.25,4,2026-03-19 16:40:08,2026-03-26 14:25:34,completed
DL-EDI_VFCO_T300_CR0.05_DS8_U30_A5_CPU0.3_,DL-EDI,VFCO,300.0,0.05,8,30,5,0.3,4,2026-03-19 17:10:22,2026-03-26 15:52:39,completed
DL-EDI_VFCO_T300_CR0.05_DS8_U30_A5_CPU0.4_,DL-EDI,VFCO,300.0,0.05,8,30,5,0.4,4,2026-03-19 17:38:09,2026-03-26 17:32:25,completed
DL-EDI_VFCO_T300_CR0.05_DS8_U30_A5_CPU0.45_,DL-EDI,VFCO,300.0,0.05,8,30,5,0.45,4,2026-03-19 18:18:20,2026-03-26 18:44:47,completed
DL-EDI_VFCO_T180_CR0.05_DS8_U30_A5_CPU0.35_,DL-EDI,VFCO,180.0,0.05,8,30,5,0.35,4,2026-03-19 18:59:49,2026-03-25 00:08:18,completed
DL-EDI_VFCO_T180_CR0.05_DS8_U30_A5_CPU0.35_,DL-EDI,VFCO,180.0,0.05,8,30,5,0.35,4,2026-03-19 19:04:14,2026-03-25 00:08:18,completed
DL-EDI_VFCO_T240_CR0.05_DS8_U30_A5_CPU0.35_,DL-EDI,VFCO,240.0,0.05,8,30,5,0.35,4,2026-03-19 22:23:59,2026-03-25 08:01:10,completed
DL-EDI_VFCO_T240_CR0.05_DS8_U30_A5_CPU0.35_,DL-EDI,VFCO,240.0,0.05,8,30,5,0.35,4,2026-03-19 22:24:39,2026-03-25 08:01:10,completed
DL-EDI_VFCO_T360_CR0.05_DS8_U30_A5_CPU0.35_,DL-EDI,VFCO,360.0,0.05,8,30,5,0.35,4,2026-03-19 23:03:45,2026-03-25 13:24:13,completed
DL-EDI_VFCO_T420_CR0.05_DS8_U30_A5_CPU0.35_,DL-EDI,VFCO,420.0,0.05,8,30,5,0.35,4,2026-03-19 23:34:22,2026-03-25 10:49:55,completed
DL-EDI_VFCO_T300_CR0.02_DS8_U30_A5_CPU0.35_,DL-EDI,VFCO,300.0,0.02,8,30,5,0.35,4,2026-03-20 00:35:23,2026-03-24 21:52:53,completed
DL-EDI_VFCO_T300_CR0.03_DS8_U30_A5_CPU0.35_,DL-EDI,VFCO,300.0,0.03,8,30,5,0.35,4,2026-03-20 04:52:09,2026-03-24 23:16:44,completed
DL-EDI_VFCO_T300_CR0.04_DS8_U30_A5_CPU0.35_,DL-EDI,VFCO,300.0,0.04,8,30,5,0.35,4,2026-03-20 05:31:43,2026-03-25 01:15:29,completed
DL-EDI_VFCO_T300_CR0.07_DS8_U30_A5_CPU0.35_,DL-EDI,VFCO,300.0,0.07,8,30,5,0.35,4,2026-03-20 06:13:25,2026-03-25 09:08:39,completed
DL-EDI_VFCO_T300_CR0.08_DS8_U30_A5_CPU0.35_,DL-EDI,VFCO,300.0,0.08,8,30,5,0.35,4,2026-03-20 18:26:04,2026-03-20 20:10:59,completed
DL-EDI_VFCO_T300_CR0.08_DS8_U30_A5_CPU0.35_,DL-EDI,VFCO,300.0,0.08,8,30,5,0.35,4,2026-03-20 19:28:49,2026-03-20 20:10:59,completed
DL-EDI_VFCO_T300_CR0.08_DS8_U30_A5_CPU0.35_,DL-EDI,VFCO,300.0,0.08,8,30,5,0.35,4,2026-03-20 19:29:29,2026-03-20 20:10:59,completed
DL-EDI_VFCO_T300_CR0.05_DS8_U30_A5_CPU0.35_,DL-EDI,VFCO,300.0,0.05,8,30,5,0.35,4,2026-03-20 20:16:32,2026-04-01 22:42:51,completed
DL-EDI_VFCO_T300_CR0.05_DS8_U30_A5_CPU0.35_,DL-EDI,VFCO,300.0,0.05,8,30,5,0.35,4,2026-03-20 21:00:28,2026-04-01 22:42:51,completed
DL-EDI_VFCO_T300_CR0.05_DS2_U30_A5_CPU0.35_,DL-EDI,VFCO,300.0,0.05,2,30,5,0.35,4,2026-03-20 22:19:10,2026-03-24 20:43:13,completed
DL-EDI_VFCO_T300_CR0.05_DS4_U30_A5_CPU0.35_,DL-EDI,VFCO,300.0,0.05,4,30,5,0.35,4,2026-03-20 23:06:27,2026-03-24 16:33:30,completed
DL-EDI_VFCO_T300_CR0.05_DS16_U30_A5_CPU0.35_,DL-EDI,VFCO,300.0,0.05,16,30,5,0.35,4,2026-03-20 23:45:27,2026-03-24 19:47:02,completed
DL-EDI_VFCO_T300_CR0.05_DS32_U30_A5_CPU0.35_,DL-EDI,VFCO,300.0,0.05,32,30,5,0.35,4,2026-03-21 00:35:34,2026-03-24 17:56:23,completed
DL-EDI_VFCO_T300_CR0.05_DS8_U10_A5_CPU0.35_,DL-EDI,VFCO,300.0,0.05,8,10,5,0.35,4,2026-03-21 01:08:50,2026-03-25 15:16:40,completed
DL-EDI_VFCO_T300_CR0.05_DS8_U10_A5_CPU0.35_,DL-EDI,VFCO,300.0,0.05,8,10,5,0.35,4,2026-03-21 17:57:54,2026-03-25 15:16:40,completed
DL-EDI_VFCO_T300_CR0.05_DS8_U20_A5_CPU0.35_,DL-EDI,VFCO,300.0,0.05,8,20,5,0.35,4,2026-03-21 18:30:07,2026-03-25 16:41:41,completed
DL-EDI_VFCO_T300_CR0.05_DS8_U40_A5_CPU0.35_,DL-EDI,VFCO,300.0,0.05,8,40,5,0.35,4,2026-03-21 19:09:39,2026-03-25 18:00:54,completed
DL-EDI_VFCO_T300_CR0.05_DS8_U50_A5_CPU0.35_,DL-EDI,VFCO,300.0,0.05,8,50,5,0.35,4,2026-03-21 19:43:33,2026-03-25 19:31:58,completed
DL-EDI_VFCO_T300_CR0.05_DS8_U30_A1_CPU0.35_,DL-EDI,VFCO,300.0,0.05,8,30,1,0.35,4,2026-03-21 20:31:24,2026-03-25 20:54:19,completed
DL-EDI_VFCO_T300_CR0.05_DS8_U30_A3_CPU0.35_,DL-EDI,VFCO,300.0,0.05,8,30,3,0.35,4,2026-03-21 21:14:07,2026-03-26 01:16:35,completed
DL-EDI_VFCO_T300_CR0.05_DS8_U30_A7_CPU0.35_,DL-EDI,VFCO,300.0,0.05,8,30,7,0.35,4,2026-03-21 21:48:30,2026-03-26 03:15:26,completed
DL-EDI_VFCO_T300_CR0.05_DS8_U30_A9_CPU0.35_,DL-EDI,VFCO,300.0,0.05,8,30,9,0.35,4,2026-03-21 22:14:22,2026-03-26 12:39:49,completed
DL-EDI_VFCO_T300_CR0.05_DS8_U30_A5_CPU0.25_,DL-EDI,VFCO,300.0,0.05,8,30,5,0.25,4,2026-03-21 22:52:54,2026-03-26 14:25:34,completed
DL-EDI_VFCO_T300_CR0.05_DS8_U30_A5_CPU0.3_,DL-EDI,VFCO,300.0,0.05,8,30,5,0.3,4,2026-03-21 23:25:03,2026-03-26 15:52:39,completed
DL-EDI_VFCO_T300_CR0.05_DS8_U30_A5_CPU0.4_,DL-EDI,VFCO,300.0,0.05,8,30,5,0.4,4,2026-03-22 00:03:02,2026-03-26 17:32:25,completed
DL-EDI_VFCO_T300_CR0.05_DS8_U30_A5_CPU0.45_,DL-EDI,VFCO,300.0,0.05,8,30,5,0.45,4,2026-03-22 01:07:20,2026-03-26 18:44:47,completed
DL-EDI_VFCO_T300_CR0.02_DS8_U30_A5_CPU0.45_,DL-EDI,VFCO,300.0,0.02,8,30,5,0.45,4,2026-03-22 07:42:00,2026-03-22 08:05:05,completed
DL-EDI_VFCO_T300_CR0.03_DS8_U30_A5_CPU0.45_,DL-EDI,VFCO,300.0,0.03,8,30,5,0.45,4,2026-03-22 08:07:58,2026-03-22 08:30:36,completed
DL-EDI_VFCO_T300_CR0.04_DS8_U30_A5_CPU0.45_,DL-EDI,VFCO,300.0,0.04,8,30,5,0.45,4,2026-03-22 20:24:25,2026-03-22 20:58:58,completed
DL-EDI_VFCO_T300_CR0.07_DS8_U30_A5_CPU0.45_,DL-EDI,VFCO,300.0,0.07,8,30,5,0.45,4,2026-03-22 21:00:25,2026-03-22 21:23:40,completed
DL-EDI_VFCO_T180_CR0.05_DS8_U30_A5_CPU0.45_,DL-EDI,VFCO,180.0,0.05,8,30,5,0.45,4,2026-03-22 21:43:02,2026-03-22 22:04:12,completed
DL-EDI_VFCO_T240_CR0.05_DS8_U30_A5_CPU0.45_,DL-EDI,VFCO,240.0,0.05,8,30,5,0.45,4,2026-03-22 22:06:04,2026-03-22 22:34:56,completed
DL-EDI_VFCO_T360_CR0.05_DS8_U30_A5_CPU0.45_,DL-EDI,VFCO,360.0,0.05,8,30,5,0.45,4,2026-03-22 22:35:52,2026-03-22 23:14:30,completed
DL-EDI_VFCO_T420_CR0.05_DS8_U30_A5_CPU0.45_,DL-EDI,VFCO,420.0,0.05,8,30,5,0.45,4,2026-03-22 23:47:31,2026-03-23 00:49:13,completed
DL-EDI_VFCO_T180_CR0.05_DS8_U30_A5_CPU0.35_,DL-EDI,VFCO,180.0,0.05,8,30,5,0.35,4,2026-03-23 10:58:28,2026-03-25 00:08:18,completed
DL-EDI_VFCO_T240_CR0.05_DS8_U30_A5_CPU0.35_,DL-EDI,VFCO,240.0,0.05,8,30,5,0.35,4,2026-03-23 11:24:39,2026-03-25 08:01:10,completed
DL-EDI_VFCO_T240_CR0.05_DS8_U30_A5_CPU0.35_,DL-EDI,VFCO,240.0,0.05,8,30,5,0.35,4,2026-03-23 14:47:29,2026-03-25 08:01:10,completed
DL-EDI_VFCO_T360_CR0.05_DS8_U30_A5_CPU0.35_,DL-EDI,VFCO,360.0,0.05,8,30,5,0.35,4,2026-03-23 18:21:34,2026-03-25 13:24:13,completed
DL-EDI_VFCO_T360_CR0.05_DS8_U30_A5_CPU0.35_,DL-EDI,VFCO,360.0,0.05,8,30,5,0.35,4,2026-03-23 18:22:24,2026-03-25 13:24:13,completed
DL-EDI_VFCO_T360_CR0.05_DS8_U30_A5_CPU0.35_,DL-EDI,VFCO,360.0,0.05,8,30,5,0.35,4,2026-03-23 18:43:28,2026-03-25 13:24:13,completed
DL-EDI_VFCO_T420_CR0.05_DS8_U30_A5_CPU0.35_,DL-EDI,VFCO,420.0,0.05,8,30,5,0.35,4,2026-03-23 19:21:48,2026-03-25 10:49:55,completed
DL-EDI_VFCO_T360_CR0.05_DS8_U30_A5_CPU0.35_,DL-EDI,VFCO,360.0,0.05,8,30,5,0.35,4,2026-03-23 19:22:29,2026-03-25 13:24:13,completed
DL-EDI_VFCO_T300_CR0.05_DS8_U30_A5_CPU0.35_,DL-EDI,VFCO,300.0,0.05,8,30,5,0.35,4,2026-03-24 00:33:24,2026-04-01 22:42:51,completed
DL-EDI_VFCO_T300_CR0.05_DS8_U30_A5_CPU0.35_,DL-EDI,VFCO,300.0,0.05,8,30,5,0.35,4,2026-03-24 12:27:33,2026-04-01 22:42:51,completed
DL-EDI_VFCO_T300_CR0.05_DS8_U30_A5_CPU0.35_,DL-EDI,VFCO,300.0,0.05,8,30,5,0.35,4,2026-03-24 12:36:31,2026-04-01 22:42:51,completed
DL-EDI_VFCO_T300_CR0.05_DS8_U30_A5_CPU0.35_,DL-EDI,VFCO,300.0,0.05,8,30,5,0.35,4,2026-03-24 14:08:36,2026-04-01 22:42:51,completed
DL-EDI_VFCO_T300_CR0.05_DS8_U30_A5_CPU0.35_,DL-EDI,VFCO,300.0,0.05,8,30,5,0.35,4,2026-03-24 14:09:26,2026-04-01 22:42:51,completed
DL-EDI_VFCO_T300_CR0.05_DS8_U30_A5_CPU0.35_,DL-EDI,VFCO,300.0,0.05,8,30,5,0.35,4,2026-03-24 15:02:13,2026-04-01 22:42:51,completed
DL-EDI_VFCO_T300_CR0.05_DS4_U30_A5_CPU0.35_,DL-EDI,VFCO,300.0,0.05,4,30,5,0.35,4,2026-03-24 15:46:39,2026-03-24 16:33:30,completed
DL-EDI_VFCO_T300_CR0.05_DS4_U30_A5_CPU0.35_,DL-EDI,VFCO,300.0,0.05,4,30,5,0.35,4,2026-03-24 16:10:42,2026-03-24 16:33:30,completed
DL-EDI_VFCO_T300_CR0.05_DS32_U30_A5_CPU0.35_,DL-EDI,VFCO,300.0,0.05,32,30,5,0.35,4,2026-03-24 16:33:38,2026-03-24 17:56:23,completed
DL-EDI_VFCO_T300_CR0.05_DS32_U30_A5_CPU0.35_,DL-EDI,VFCO,300.0,0.05,32,30,5,0.35,4,2026-03-24 17:42:21,2026-03-24 17:56:23,completed
DL-EDI_VFCO_T300_CR0.05_DS16_U30_A5_CPU0.35_,DL-EDI,VFCO,300.0,0.05,16,30,5,0.35,4,2026-03-24 18:49:45,2026-03-24 19:47:02,completed
DL-EDI_VFCO_T300_CR0.05_DS16_U30_A5_CPU0.35_,DL-EDI,VFCO,300.0,0.05,16,30,5,0.35,4,2026-03-24 19:29:58,2026-03-24 19:47:02,completed
DL-EDI_VFCO_T300_CR0.05_DS2_U30_A5_CPU0.35_,DL-EDI,VFCO,300.0,0.05,2,30,5,0.35,4,2026-03-24 19:53:13,2026-03-24 20:43:13,completed
DL-EDI_VFCO_T300_CR0.05_DS2_U30_A5_CPU0.35_,DL-EDI,VFCO,300.0,0.05,2,30,5,0.35,4,2026-03-24 20:17:51,2026-03-24 20:43:13,completed
DL-EDI_VFCO_T300_CR0.02_DS8_U30_A5_CPU0.35_,DL-EDI,VFCO,300.0,0.02,8,30,5,0.35,4,2026-03-24 20:50:47,2026-03-24 21:52:53,completed
DL-EDI_VFCO_T300_CR0.02_DS8_U30_A5_CPU0.35_,DL-EDI,VFCO,300.0,0.02,8,30,5,0.35,4,2026-03-24 21:33:25,2026-03-24 21:52:53,completed
DL-EDI_VFCO_T300_CR0.03_DS8_U30_A5_CPU0.35_,DL-EDI,VFCO,300.0,0.03,8,30,5,0.35,4,2026-03-24 21:55:22,2026-03-24 23:16:44,completed
DL-EDI_VFCO_T300_CR0.03_DS8_U30_A5_CPU0.35_,DL-EDI,VFCO,300.0,0.03,8,30,5,0.35,4,2026-03-24 22:22:59,2026-03-24 23:16:44,completed
DL-EDI_VFCO_T300_CR0.03_DS8_U30_A5_CPU0.35_,DL-EDI,VFCO,300.0,0.03,8,30,5,0.35,4,2026-03-24 22:52:42,2026-03-24 23:16:44,completed
DL-EDI_VFCO_T180_CR0.05_DS8_U30_A5_CPU0.35_,DL-EDI,VFCO,180.0,0.05,8,30,5,0.35,4,2026-03-24 23:25:33,2026-03-25 00:08:18,completed
DL-EDI_VFCO_T180_CR0.05_DS8_U30_A5_CPU0.35_,DL-EDI,VFCO,180.0,0.05,8,30,5,0.35,4,2026-03-24 23:58:59,2026-03-25 00:08:18,completed
DL-EDI_VFCO_T300_CR0.04_DS8_U30_A5_CPU0.35_,DL-EDI,VFCO,300.0,0.04,8,30,5,0.35,4,2026-03-25 00:09:41,2026-03-25 01:15:29,completed
DL-EDI_VFCO_T300_CR0.04_DS8_U30_A5_CPU0.35_,DL-EDI,VFCO,300.0,0.04,8,30,5,0.35,4,2026-03-25 00:42:35,2026-03-25 01:15:29,completed
DL-EDI_VFCO_T240_CR0.05_DS8_U30_A5_CPU0.35_,DL-EDI,VFCO,240.0,0.05,8,30,5,0.35,4,2026-03-25 01:39:44,2026-03-25 08:01:10,completed
DL-EDI_VFCO_T240_CR0.05_DS8_U30_A5_CPU0.35_,DL-EDI,VFCO,240.0,0.05,8,30,5,0.35,4,2026-03-25 07:33:35,2026-03-25 08:01:10,completed
DL-EDI_VFCO_T300_CR0.07_DS8_U30_A5_CPU0.35_,DL-EDI,VFCO,300.0,0.07,8,30,5,0.35,4,2026-03-25 08:06:16,2026-03-25 09:08:39,completed
DL-EDI_VFCO_T300_CR0.07_DS8_U30_A5_CPU0.35_,DL-EDI,VFCO,300.0,0.07,8,30,5,0.35,4,2026-03-25 08:39:37,2026-03-25 09:08:39,completed
DL-EDI_VFCO_T420_CR0.05_DS8_U30_A5_CPU0.35_,DL-EDI,VFCO,420.0,0.05,8,30,5,0.35,4,2026-03-25 09:18:53,2026-03-25 10:49:55,completed
DL-EDI_VFCO_T420_CR0.05_DS8_U30_A5_CPU0.35_,DL-EDI,VFCO,420.0,0.05,8,30,5,0.35,4,2026-03-25 10:16:52,2026-03-25 10:49:55,completed
DL-EDI_VFCO_T360_CR0.05_DS8_U30_A5_CPU0.35_,DL-EDI,VFCO,360.0,0.05,8,30,5,0.35,4,2026-03-25 11:48:44,2026-03-25 13:24:13,completed
DL-EDI_VFCO_T360_CR0.05_DS8_U30_A5_CPU0.35_,DL-EDI,VFCO,360.0,0.05,8,30,5,0.35,4,2026-03-25 12:21:35,2026-03-25 13:24:13,completed
DL-EDI_VFCO_T360_CR0.05_DS8_U30_A5_CPU0.35_,DL-EDI,VFCO,360.0,0.05,8,30,5,0.35,4,2026-03-25 12:51:17,2026-03-25 13:24:13,completed
DL-EDI_VFCO_T300_CR0.05_DS8_U10_A5_CPU0.35_,DL-EDI,VFCO,300.0,0.05,8,10,5,0.35,4,2026-03-25 14:11:31,2026-03-25 15:16:40,completed
DL-EDI_VFCO_T300_CR0.05_DS8_U10_A5_CPU0.35_,DL-EDI,VFCO,300.0,0.05,8,10,5,0.35,4,2026-03-25 15:00:30,2026-03-25 15:16:40,completed
DL-EDI_VFCO_T300_CR0.05_DS8_U20_A5_CPU0.35_,DL-EDI,VFCO,300.0,0.05,8,20,5,0.35,4,2026-03-25 15:26:03,2026-03-25 16:41:41,completed
DL-EDI_VFCO_T300_CR0.05_DS8_U20_A5_CPU0.35_,DL-EDI,VFCO,300.0,0.05,8,20,5,0.35,4,2026-03-25 16:06:11,2026-03-25 16:41:41,completed
DL-EDI_VFCO_T300_CR0.05_DS8_U40_A5_CPU0.35_,DL-EDI,VFCO,300.0,0.05,8,40,5,0.35,4,2026-03-25 16:51:21,2026-03-25 18:00:54,completed
DL-EDI_VFCO_T300_CR0.05_DS8_U40_A5_CPU0.35_,DL-EDI,VFCO,300.0,0.05,8,40,5,0.35,4,2026-03-25 17:34:37,2026-03-25 18:00:54,completed
DL-EDI_VFCO_T300_CR0.05_DS8_U50_A5_CPU0.35_,DL-EDI,VFCO,300.0,0.05,8,50,5,0.35,4,2026-03-25 18:27:45,2026-03-25 19:31:58,completed
DL-EDI_VFCO_T300_CR0.05_DS8_U50_A5_CPU0.35_,DL-EDI,VFCO,300.0,0.05,8,50,5,0.35,4,2026-03-25 19:05:40,2026-03-25 19:31:58,completed
DL-EDI_VFCO_T300_CR0.05_DS8_U30_A1_CPU0.35_,DL-EDI,VFCO,300.0,0.05,8,30,1,0.35,4,2026-03-25 19:44:56,2026-03-25 20:54:19,completed
DL-EDI_VFCO_T300_CR0.05_DS8_U30_A1_CPU0.35_,DL-EDI,VFCO,300.0,0.05,8,30,1,0.35,4,2026-03-25 20:23:11,2026-03-25 20:54:19,completed
DL-EDI_VFCO_T300_CR0.05_DS8_U30_A2_CPU0.35_,DL-EDI,VFCO,300.0,0.05,8,30,2,0.35,4,2026-03-25 20:54:54,2026-03-25 22:52:11,completed
DL-EDI_VFCO_T300_CR0.05_DS8_U30_A2_CPU0.35_,DL-EDI,VFCO,300.0,0.05,8,30,2,0.35,4,2026-03-25 22:00:29,2026-03-25 22:52:11,completed
DL-EDI_VFCO_T300_CR0.05_DS8_U30_A3_CPU0.35_,DL-EDI,VFCO,300.0,0.05,8,30,3,0.35,4,2026-03-25 23:28:15,2026-03-26 01:16:35,completed
DL-EDI_VFCO_T300_CR0.05_DS8_U30_A3_CPU0.35_,DL-EDI,VFCO,300.0,0.05,8,30,3,0.35,4,2026-03-25 23:56:22,2026-03-26 01:16:35,completed
DL-EDI_VFCO_T300_CR0.05_DS8_U30_A3_CPU0.35_,DL-EDI,VFCO,300.0,0.05,8,30,3,0.35,4,2026-03-26 00:38:22,2026-03-26 01:16:35,completed
DL-EDI_VFCO_T300_CR0.05_DS8_U30_A7_CPU0.35_,DL-EDI,VFCO,300.0,0.05,8,30,7,0.35,4,2026-03-26 02:16:03,2026-03-26 03:15:26,completed
DL-EDI_VFCO_T300_CR0.05_DS8_U30_A7_CPU0.35_,DL-EDI,VFCO,300.0,0.05,8,30,7,0.35,4,2026-03-26 02:43:56,2026-03-26 03:15:26,completed
DL-EDI_VFCO_T300_CR0.05_DS8_U30_A9_CPU0.35_,DL-EDI,VFCO,300.0,0.05,8,30,9,0.35,4,2026-03-26 10:46:58,2026-03-26 12:39:49,completed
DL-EDI_VFCO_T300_CR0.05_DS8_U30_A9_CPU0.35_,DL-EDI,VFCO,300.0,0.05,8,30,9,0.35,4,2026-03-26 12:18:04,2026-03-26 12:39:49,completed
DL-EDI_VFCO_T300_CR0.05_DS8_U30_A5_CPU0.25_,DL-EDI,VFCO,300.0,0.05,8,30,5,0.25,4,2026-03-26 13:01:07,2026-03-26 14:25:34,completed
DL-EDI_VFCO_T300_CR0.05_DS8_U30_A5_CPU0.25_,DL-EDI,VFCO,300.0,0.05,8,30,5,0.25,4,2026-03-26 13:59:21,2026-03-26 14:25:34,completed
DL-EDI_VFCO_T300_CR0.05_DS8_U30_A5_CPU0.3_,DL-EDI,VFCO,300.0,0.05,8,30,5,0.3,4,2026-03-26 14:32:05,2026-03-26 15:52:39,completed
DL-EDI_VFCO_T300_CR0.05_DS8_U30_A5_CPU0.3_,DL-EDI,VFCO,300.0,0.05,8,30,5,0.3,4,2026-03-26 15:04:40,2026-03-26 15:52:39,completed
DL-EDI_VFCO_T300_CR0.05_DS8_U30_A5_CPU0.4_,DL-EDI,VFCO,300.0,0.05,8,30,5,0.4,4,2026-03-26 15:59:23,2026-03-26 17:32:25,completed
DL-EDI_VFCO_T300_CR0.05_DS8_U30_A5_CPU0.4_,DL-EDI,VFCO,300.0,0.05,8,30,5,0.4,4,2026-03-26 16:52:39,2026-03-26 17:32:25,completed
DL-EDI_VFCO_T300_CR0.05_DS8_U30_A5_CPU0.45_,DL-EDI,VFCO,300.0,0.05,8,30,5,0.45,4,2026-03-26 17:41:34,2026-03-26 18:44:47,completed
DL-EDI_VFCO_T300_CR0.05_DS8_U30_A5_CPU0.45_,DL-EDI,VFCO,300.0,0.05,8,30,5,0.45,4,2026-03-26 18:18:45,2026-03-26 18:44:47,completed
DL-EDI_MinFreq_T300_CR0.05_DS8_U30_A5_CPU0.35_,DL-EDI,MinFreq,300.0,0.05,8,30,5,0.35,4,2026-03-26 18:50:16,2026-03-26 19:07:22,completed
DL-EDI_AvgFreq_T300_CR0.05_DS8_U30_A5_CPU0.35_,DL-EDI,AvgFreq,300.0,0.05,8,30,5,0.35,4,2026-03-26 19:16:11,2026-03-26 19:43:45,completed
DL-EDI_AvgFreq_T300_CR0.05_DS8_U30_A5_CPU0.35_,DL-EDI,AvgFreq,300.0,0.05,8,30,5,0.35,4,2026-03-26 19:18:40,2026-03-26 19:43:45,completed
DL-EDI_Event_Triggered_T300_CR0.05_DS8_U30_A5_CPU0.35_,DL-EDI,Event_Triggered,300.0,0.05,8,30,5,0.35,4,2026-03-26 20:14:23,2026-03-26 21:37:53,completed
DL-EDI_Event_Triggered_T300_CR0.05_DS8_U30_A5_CPU0.35_,DL-EDI,Event_Triggered,300.0,0.05,8,30,5,0.35,4,2026-03-26 20:59:36,2026-03-26 21:37:53,completed
DL-EDI_MinFreq_T300_CR0.02_DS8_U30_A5_CPU0.35_,DL-EDI,MinFreq,300.0,0.02,8,30,5,0.35,4,2026-03-26 21:47:07,2026-03-26 22:31:53,completed
DL-EDI_MinFreq_T300_CR0.02_DS8_U30_A5_CPU0.35_,DL-EDI,MinFreq,300.0,0.02,8,30,5,0.35,4,2026-03-26 22:11:07,2026-03-26 22:31:53,completed
DL-EDI_AvgFreq_T300_CR0.02_DS8_U30_A5_CPU0.35_,DL-EDI,AvgFreq,300.0,0.02,8,30,5,0.35,4,2026-03-26 22:39:55,2026-03-26 23:03:55,completed
DL-EDI_MaxFreq_T300_CR0.02_DS8_U30_A5_CPU0.35_,DL-EDI,MaxFreq,300.0,0.02,8,30,5,0.35,4,2026-03-26 23:04:37,2026-03-27 00:04:54,completed
DL-EDI_MinFreq_T300_CR0.03_DS8_U30_A5_CPU0.35_,DL-EDI,MinFreq,300.0,0.03,8,30,5,0.35,4,2026-03-27 00:15:26,2026-03-27 01:19:02,completed
DL-EDI_AvgFreq_T300_CR0.03_DS8_U30_A5_CPU0.35_,DL-EDI,AvgFreq,300.0,0.03,8,30,5,0.35,4,2026-03-27 10:11:15,2026-03-27 13:38:37,completed
DL-EDI_Event_Triggered_T300_CR0.02_DS8_U30_A5_CPU0.35_,DL-EDI,Event_Triggered,300.0,0.02,8,30,5,0.35,4,2026-03-27 10:45:31,2026-03-27 13:04:42,completed
DL-EDI_Event_Triggered_T300_CR0.02_DS8_U30_A5_CPU0.35_,DL-EDI,Event_Triggered,300.0,0.02,8,30,5,0.35,4,2026-03-27 12:08:38,2026-03-27 13:04:42,completed
DL-EDI_AvgFreq_T300_CR0.03_DS8_U30_A5_CPU0.35_,DL-EDI,AvgFreq,300.0,0.03,8,30,5,0.35,4,2026-03-27 13:07:05,2026-03-27 13:38:37,completed
DL-EDI_Event_Triggered_T300_CR0.03_DS8_U30_A5_CPU0.35_,DL-EDI,Event_Triggered,300.0,0.03,8,30,5,0.35,4,2026-03-27 16:25:23,2026-03-27 16:51:36,completed
DL-EDI_Event_Triggered_T300_CR0.04_DS8_U30_A5_CPU0.35_,DL-EDI,Event_Triggered,300.0,0.04,8,30,5,0.35,4,2026-03-27 17:36:23,2026-03-27 19:26:19,completed
DL-EDI_MinFreq_T300_CR0.04_DS8_U30_A5_CPU0.35_,DL-EDI,MinFreq,300.0,0.04,8,30,5,0.35,4,2026-03-27 18:45:25,2026-03-27 20:16:30,completed
DL-EDI_Event_Triggered_T300_CR0.04_DS8_U30_A5_CPU0.35_,DL-EDI,Event_Triggered,300.0,0.04,8,30,5,0.35,4,2026-03-27 18:45:35,2026-03-27 19:26:19,completed
DL-EDI_MinFreq_T300_CR0.04_DS8_U30_A5_CPU0.35_,DL-EDI,MinFreq,300.0,0.04,8,30,5,0.35,4,2026-03-27 19:52:53,2026-03-27 20:16:30,completed
DL-EDI_AvgFreq_T300_CR0.04_DS8_U30_A5_CPU0.35_,DL-EDI,AvgFreq,300.0,0.04,8,30,5,0.35,4,2026-03-27 20:28:28,2026-03-27 20:59:10,completed
DL-EDI_MinFreq_T300_CR0.07_DS8_U30_A5_CPU0.35_,DL-EDI,MinFreq,300.0,0.07,8,30,5,0.35,4,2026-03-27 21:04:02,2026-03-27 21:18:21,completed
DL-EDI_AvgFreq_T300_CR0.07_DS8_U30_A5_CPU0.35_,DL-EDI,AvgFreq,300.0,0.07,8,30,5,0.35,4,2026-03-27 21:18:56,2026-03-27 21:57:31,completed
DL-EDI_Event_Triggered_T300_CR0.07_DS8_U30_A5_CPU0.35_,DL-EDI,Event_Triggered,300.0,0.07,8,30,5,0.35,4,2026-03-27 21:59:22,2026-03-27 22:24:08,completed
DL-EDI_MinFreq_T300_CR0.05_DS8_U30_A5_CPU0.25_,DL-EDI,MinFreq,300.0,0.05,8,30,5,0.25,4,2026-03-27 22:47:45,2026-03-28 00:30:28,completed
DL-EDI_MinFreq_T300_CR0.05_DS8_U30_A5_CPU0.25_,DL-EDI,MinFreq,300.0,0.05,8,30,5,0.25,4,2026-03-28 00:02:33,2026-03-28 00:30:28,completed
DL-EDI_MinFreq_T300_CR0.05_DS8_U30_A5_CPU0.25_,DL-EDI,MinFreq,300.0,0.05,8,30,5,0.25,4,2026-03-28 00:03:21,2026-03-28 00:30:28,completed
DL-EDI_AvgFreq_T300_CR0.05_DS8_U30_A5_CPU0.25_,DL-EDI,AvgFreq,300.0,0.05,8,30,5,0.25,4,2026-03-28 00:45:16,2026-03-28 01:29:19,completed
DL-EDI_Event_Triggered_T300_CR0.05_DS8_U30_A5_CPU0.25_,DL-EDI,Event_Triggered,300.0,0.05,8,30,5,0.25,4,2026-03-28 06:46:55,2026-03-28 08:10:40,completed
DL-EDI_Event_Triggered_T300_CR0.05_DS8_U30_A5_CPU0.25_,DL-EDI,Event_Triggered,300.0,0.05,8,30,5,0.25,4,2026-03-28 07:20:04,2026-03-28 08:10:40,completed
DL-EDI_MinFreq_T300_CR0.05_DS8_U30_A5_CPU0.3_,DL-EDI,MinFreq,300.0,0.05,8,30,5,0.3,4,2026-03-28 08:34:10,2026-03-28 08:50:29,completed
DL-EDI_AvgFreq_T300_CR0.05_DS8_U30_A5_CPU0.3_,DL-EDI,AvgFreq,300.0,0.05,8,30,5,0.3,4,2026-03-28 08:52:05,2026-03-28 09:25:26,completed
DL-EDI_Event_Triggered_T300_CR0.05_DS8_U30_A5_CPU0.3_,DL-EDI,Event_Triggered,300.0,0.05,8,30,5,0.3,4,2026-03-28 09:31:43,2026-03-28 10:44:20,completed
DL-EDI_Event_Triggered_T300_CR0.05_DS8_U30_A5_CPU0.3_,DL-EDI,Event_Triggered,300.0,0.05,8,30,5,0.3,4,2026-03-28 10:04:55,2026-03-28 10:44:20,completed
DL-EDI_MinFreq_T300_CR0.05_DS8_U30_A5_CPU0.4_,DL-EDI,MinFreq,300.0,0.05,8,30,5,0.4,4,2026-03-28 10:44:37,2026-03-28 10:59:02,completed
DL-EDI_AvgFreq_T300_CR0.05_DS8_U30_A5_CPU0.4_,DL-EDI,AvgFreq,300.0,0.05,8,30,5,0.4,4,2026-03-28 10:59:25,2026-03-28 11:23:27,completed
DL-EDI_Event_Triggered_T300_CR0.05_DS8_U30_A5_CPU0.4_,DL-EDI,Event_Triggered,300.0,0.05,8,30,5,0.4,4,2026-03-28 18:11:30,2026-03-28 19:20:38,completed
DL-EDI_Event_Triggered_T300_CR0.05_DS8_U30_A5_CPU0.4_,DL-EDI,Event_Triggered,300.0,0.05,8,30,5,0.4,4,2026-03-28 18:42:21,2026-03-28 19:20:38,completed
DL-EDI_MinFreq_T300_CR0.05_DS8_U30_A5_CPU0.45_,DL-EDI,MinFreq,300.0,0.05,8,30,5,0.45,4,2026-03-28 19:26:29,2026-03-28 19:41:23,completed
DL-EDI_AvgFreq_T300_CR0.05_DS8_U30_A5_CPU0.45_,DL-EDI,AvgFreq,300.0,0.05,8,30,5,0.45,4,2026-03-28 19:53:16,2026-03-28 20:19:48,completed
DL-EDI_Event_Triggered_T300_CR0.05_DS8_U30_A5_CPU0.45_,DL-EDI,Event_Triggered,300.0,0.05,8,30,5,0.45,4,2026-03-29 00:58:18,2026-03-29 02:12:37,completed
DL-EDI_Event_Triggered_T300_CR0.05_DS8_U30_A5_CPU0.45_,DL-EDI,Event_Triggered,300.0,0.05,8,30,5,0.45,4,2026-03-29 01:36:39,2026-03-29 02:12:37,completed
DL-EDI_AvgFreq_T300_CR0.05_DS2_U30_A5_CPU0.35_,DL-EDI,AvgFreq,300.0,0.05,2,30,5,0.35,4,2026-03-29 02:20:35,2026-03-29 02:49:00,completed
DL-EDI_MaxFreq_T300_CR0.05_DS2_U30_A5_CPU0.35_,DL-EDI,MaxFreq,300.0,0.05,2,30,5,0.35,4,2026-03-29 20:31:00,2026-03-29 21:11:17,completed
DL-EDI_Event_Triggered_T300_CR0.05_DS2_U30_A5_CPU0.35_,DL-EDI,Event_Triggered,300.0,0.05,2,30,5,0.35,4,2026-03-29 21:11:41,2026-03-29 23:40:11,completed
DL-EDI_Event_Triggered_T300_CR0.05_DS2_U30_A5_CPU0.35_,DL-EDI,Event_Triggered,300.0,0.05,2,30,5,0.35,4,2026-03-29 22:00:41,2026-03-29 23:40:11,completed
DL-EDI_Event_Triggered_T300_CR0.05_DS4_U30_A5_CPU0.35_,DL-EDI,Event_Triggered,300.0,0.05,4,30,5,0.35,4,2026-03-29 23:43:56,2026-03-30 01:03:57,completed
DL-EDI_Event_Triggered_T300_CR0.05_DS4_U30_A5_CPU0.35_,DL-EDI,Event_Triggered,300.0,0.05,4,30,5,0.35,4,2026-03-30 00:24:54,2026-03-30 01:03:57,completed
DL-EDI_AvgFreq_T300_CR0.05_DS4_U30_A5_CPU0.35_,DL-EDI,AvgFreq,300.0,0.05,4,30,5,0.35,4,2026-03-30 01:16:56,2026-03-30 01:42:38,completed
DL-EDI_MaxFreq_T300_CR0.05_DS4_U30_A5_CPU0.35_,DL-EDI,MaxFreq,300.0,0.05,4,30,5,0.35,4,2026-03-30 01:49:15,2026-03-30 02:34:59,completed
DL-EDI_MinFreq_T300_CR0.05_DS16_U30_A5_CPU0.35_,DL-EDI,MinFreq,300.0,0.05,16,30,5,0.35,4,2026-03-30 02:35:24,2026-03-30 02:49:50,completed
DL-EDI_AvgFreq_T300_CR0.05_DS16_U30_A5_CPU0.35_,DL-EDI,AvgFreq,300.0,0.05,16,30,5,0.35,4,2026-03-30 02:51:06,2026-03-30 03:15:41,completed
DL-EDI_MaxFreq_T300_CR0.05_DS16_U30_A5_CPU0.35_,DL-EDI,MaxFreq,300.0,0.05,16,30,5,0.35,4,2026-03-30 03:16:36,2026-03-30 16:59:23,completed
DL-EDI_MaxFreq_T300_CR0.05_DS16_U30_A5_CPU0.35_,DL-EDI,MaxFreq,300.0,0.05,16,30,5,0.35,4,2026-03-30 04:02:39,2026-03-30 16:59:23,completed
DL-EDI_MaxFreq_T300_CR0.05_DS16_U30_A5_CPU0.35_,DL-EDI,MaxFreq,300.0,0.05,16,30,5,0.35,4,2026-03-30 04:32:17,2026-03-30 16:59:23,completed
DL-EDI_MaxFreq_T300_CR0.05_DS16_U30_A5_CPU0.35_,DL-EDI,MaxFreq,300.0,0.05,16,30,5,0.35,4,2026-03-30 10:37:07,2026-03-30 16:59:23,completed
DL-EDI_MaxFreq_T300_CR0.05_DS16_U30_A5_CPU0.35_,DL-EDI,MaxFreq,300.0,0.05,16,30,5,0.35,4,2026-03-30 11:27:11,2026-03-30 16:59:23,completed
DL-EDI_MaxFreq_T300_CR0.05_DS8_U30_A5_CPU0.35_,DL-EDI,MaxFreq,300.0,0.05,8,30,5,0.35,4,2026-03-30 11:28:30,2026-03-30 15:13:00,completed
DL-EDI_MaxFreq_T300_CR0.05_DS8_U30_A5_CPU0.35_,DL-EDI,MaxFreq,300.0,0.05,8,30,5,0.35,4,2026-03-30 12:41:06,2026-03-30 15:13:00,completed
DL-EDI_MaxFreq_T300_CR0.05_DS8_U30_A5_CPU0.35_,DL-EDI,MaxFreq,300.0,0.05,8,30,5,0.35,4,2026-03-30 14:57:56,2026-03-30 15:13:00,completed
DL-EDI_MaxFreq_T300_CR0.05_DS16_U30_A5_CPU0.35_,DL-EDI,MaxFreq,300.0,0.05,16,30,5,0.35,4,2026-03-30 16:21:44,2026-03-30 16:59:23,completed
DL-EDI_MaxFreq_T300_CR0.05_DS16_U30_A5_CPU0.35_,DL-EDI,MaxFreq,300.0,0.05,16,30,5,0.35,4,2026-03-30 16:59:45,,started
DL-EDI_Event_Triggered_T300_CR0.05_DS16_U30_A5_CPU0.35_,DL-EDI,Event_Triggered,300.0,0.05,16,30,5,0.35,4,2026-03-30 17:03:10,2026-03-30 17:47:48,completed
DL-EDI_Event_Triggered_T300_CR0.05_DS16_U30_A5_CPU0.35_,DL-EDI,Event_Triggered,300.0,0.05,16,30,5,0.35,4,2026-03-30 17:32:10,2026-03-30 17:47:48,completed
DL-EDI_AvgFreq_T300_CR0.05_DS32_U30_A5_CPU0.35_,DL-EDI,AvgFreq,300.0,0.05,32,30,5,0.35,4,2026-03-30 18:10:46,2026-03-30 19:25:40,completed
DL-EDI_MaxFreq_T300_CR0.05_DS32_U30_A5_CPU0.35_,DL-EDI,MaxFreq,300.0,0.05,32,30,5,0.35,4,2026-03-30 19:35:26,2026-03-30 20:17:46,completed
DL-EDI_Event_Triggered_T300_CR0.05_DS32_U30_A5_CPU0.35_,DL-EDI,Event_Triggered,300.0,0.05,32,30,5,0.35,4,2026-03-30 20:31:50,2026-03-30 21:17:56,completed
DL-EDI_Event_Triggered_T300_CR0.05_DS32_U30_A5_CPU0.35_,DL-EDI,Event_Triggered,300.0,0.05,32,30,5,0.35,4,2026-03-30 20:54:19,2026-03-30 21:17:56,completed
DL-EDI_AvgFreq_T300_CR0.05_DS8_U10_A5_CPU0.35_,DL-EDI,AvgFreq,300.0,0.05,8,10,5,0.35,4,2026-03-30 21:44:05,2026-03-30 22:15:42,completed
DL-EDI_MaxFreq_T300_CR0.05_DS8_U10_A5_CPU0.35_,DL-EDI,MaxFreq,300.0,0.05,8,10,5,0.35,4,2026-03-30 23:21:56,2026-03-31 00:22:08,completed
DL-EDI_Event_Triggered_T300_CR0.05_DS8_U10_A5_CPU0.35_,DL-EDI,Event_Triggered,300.0,0.05,8,10,5,0.35,4,2026-03-31 00:56:28,2026-03-31 02:29:00,completed
DL-EDI_Event_Triggered_T300_CR0.05_DS8_U10_A5_CPU0.35_,DL-EDI,Event_Triggered,300.0,0.05,8,10,5,0.35,4,2026-03-31 02:05:20,2026-03-31 02:29:00,completed
DL-EDI_AvgFreq_T300_CR0.05_DS8_U20_A5_CPU0.35_,DL-EDI,AvgFreq,300.0,0.05,8,20,5,0.35,4,2026-03-31 10:24:38,2026-03-31 10:47:29,completed
DL-EDI_MaxFreq_T300_CR0.05_DS8_U20_A5_CPU0.35_,DL-EDI,MaxFreq,300.0,0.05,8,20,5,0.35,4,2026-03-31 11:11:00,2026-03-31 12:11:26,completed
DL-EDI_MaxFreq_T300_CR0.05_DS8_U20_A5_CPU0.35_,DL-EDI,MaxFreq,300.0,0.05,8,20,5,0.35,4,2026-03-31 11:37:22,2026-03-31 12:11:26,completed
DL-EDI_Event_Triggered_T300_CR0.05_DS8_U20_A5_CPU0.35_,DL-EDI,Event_Triggered,300.0,0.05,8,20,5,0.35,4,2026-03-31 12:22:10,2026-03-31 13:40:49,completed
DL-EDI_Event_Triggered_T300_CR0.05_DS8_U20_A5_CPU0.35_,DL-EDI,Event_Triggered,300.0,0.05,8,20,5,0.35,4,2026-03-31 13:09:15,2026-03-31 13:40:49,completed
DL-EDI_AvgFreq_T300_CR0.05_DS8_U40_A5_CPU0.35_,DL-EDI,AvgFreq,300.0,0.05,8,40,5,0.35,4,2026-03-31 13:56:12,2026-03-31 14:25:51,completed
DL-EDI_MaxFreq_T300_CR0.05_DS8_U40_A5_CPU0.35_,DL-EDI,MaxFreq,300.0,0.05,8,40,5,0.35,4,2026-03-31 14:27:21,2026-03-31 15:03:01,completed
DL-EDI_Event-Triggered_T300_CR0.05_DS8_U40_A5_CPU0.35_,DL-EDI,Event-Triggered,300.0,0.05,8,40,5,0.35,4,2026-03-31 15:07:06,2026-03-31 16:17:54,completed
DL-EDI_Event-Triggered_T300_CR0.05_DS8_U40_A5_CPU0.35_,DL-EDI,Event-Triggered,300.0,0.05,8,40,5,0.35,4,2026-03-31 15:45:42,2026-03-31 16:17:54,completed
DL-EDI_AvgFreq_T300_CR0.05_DS8_U50_A5_CPU0.35_,DL-EDI,AvgFreq,300.0,0.05,8,50,5,0.35,4,2026-03-31 16:21:37,2026-03-31 16:47:02,completed
DL-EDI_MaxFreq_T300_CR0.05_DS8_U50_A5_CPU0.35_,DL-EDI,MaxFreq,300.0,0.05,8,50,5,0.35,4,2026-03-31 18:00:23,2026-03-31 18:32:35,completed
DL-EDI_Event-Triggered_T300_CR0.05_DS8_U50_A5_CPU0.35_,DL-EDI,Event-Triggered,300.0,0.05,8,50,5,0.35,4,2026-03-31 19:00:19,2026-03-31 20:28:30,completed
DL-EDI_Event-Triggered_T300_CR0.05_DS8_U50_A5_CPU0.35_,DL-EDI,Event-Triggered,300.0,0.05,8,50,5,0.35,4,2026-03-31 19:50:31,2026-03-31 20:28:30,completed
DL-EDI_MinFreq_T300_CR0.05_DS8_U30_A1_CPU0.35_,DL-EDI,MinFreq,300.0,0.05,8,30,1,0.35,4,2026-03-31 20:29:21,2026-03-31 20:51:20,completed
DL-EDI_AvgFreq_T300_CR0.05_DS8_U30_A2_CPU0.35_,DL-EDI,AvgFreq,300.0,0.05,8,30,2,0.35,4,2026-03-31 20:54:01,2026-03-31 21:27:35,completed
DL-EDI_MaxFreq_T300_CR0.05_DS8_U30_A2_CPU0.35_,DL-EDI,MaxFreq,300.0,0.05,8,30,2,0.35,4,2026-03-31 21:37:45,2026-03-31 22:16:57,completed
DL-EDI_Event-Triggered_T300_CR0.05_DS8_U30_A2_CPU0.35_,DL-EDI,Event-Triggered,300.0,0.05,8,30,2,0.35,4,2026-03-31 22:23:00,2026-04-01 00:26:50,completed
DL-EDI_Event-Triggered_T300_CR0.05_DS8_U30_A2_CPU0.35_,DL-EDI,Event-Triggered,300.0,0.05,8,30,2,0.35,4,2026-03-31 23:51:31,2026-04-01 00:26:50,completed
DL-EDI_AvgFreq_T300_CR0.05_DS8_U30_A1_CPU0.35_,DL-EDI,AvgFreq,300.0,0.05,8,30,1,0.35,4,2026-04-01 00:44:59,2026-04-01 01:26:19,completed
DL-EDI_MaxFreq_T300_CR0.05_DS8_U30_A1_CPU0.35_,DL-EDI,MaxFreq,300.0,0.05,8,30,1,0.35,4,2026-04-01 01:28:05,2026-04-01 02:12:52,completed
DL-EDI_Event-Triggered_T300_CR0.05_DS8_U30_A1_CPU0.35_,DL-EDI,Event-Triggered,300.0,0.05,8,30,1,0.35,4,2026-04-01 02:13:34,2026-04-01 02:42:07,completed
DL-EDI_AvgFreq_T300_CR0.05_DS8_U30_A3_CPU0.35_,DL-EDI,AvgFreq,300.0,0.05,8,30,3,0.35,4,2026-04-01 02:47:41,2026-04-01 03:11:58,completed
DL-EDI_MaxFreq_T300_CR0.05_DS8_U30_A3_CPU0.35_,DL-EDI,MaxFreq,300.0,0.05,8,30,3,0.35,4,2026-04-01 08:46:19,2026-04-01 09:18:05,completed
DL-EDI_Event-Triggered_T300_CR0.05_DS8_U30_A3_CPU0.35_,DL-EDI,Event-Triggered,300.0,0.05,8,30,3,0.35,4,2026-04-01 09:32:16,2026-04-01 11:07:07,completed
DL-EDI_Event-Triggered_T300_CR0.05_DS8_U30_A3_CPU0.35_,DL-EDI,Event-Triggered,300.0,0.05,8,30,3,0.35,4,2026-04-01 09:54:17,2026-04-01 11:07:07,completed
DL-EDI_Event-Triggered_T300_CR0.05_DS8_U30_A3_CPU0.35_,DL-EDI,Event-Triggered,300.0,0.05,8,30,3,0.35,4,2026-04-01 09:54:39,2026-04-01 11:07:07,completed
DL-EDI_Event-Triggered_T300_CR0.05_DS8_U30_A3_CPU0.35_,DL-EDI,Event-Triggered,300.0,0.05,8,30,3,0.35,4,2026-04-01 10:25:15,2026-04-01 11:07:07,completed
DL-EDI_AvgFreq_T300_CR0.05_DS8_U30_A4_CPU0.35_,DL-EDI,AvgFreq,300.0,0.05,8,30,4,0.35,4,2026-04-01 11:20:18,,started
DL-EDI_AvgFreq_T300_CR0.05_DS8_U30_A7_CPU0.35_,DL-EDI,AvgFreq,300.0,0.05,8,30,7,0.35,4,2026-04-01 11:52:23,2026-04-01 12:19:15,completed
DL-EDI_MaxFreq_T300_CR0.05_DS8_U30_A7_CPU0.35_,DL-EDI,MaxFreq,300.0,0.05,8,30,7,0.35,4,2026-04-01 12:46:01,2026-04-01 13:21:36,completed
DL-EDI_Event-Triggered_T300_CR0.05_DS8_U30_A7_CPU0.35_,DL-EDI,Event-Triggered,300.0,0.05,8,30,7,0.35,4,2026-04-01 13:54:05,2026-04-01 15:44:38,completed
DL-EDI_Event-Triggered_T300_CR0.05_DS8_U30_A7_CPU0.35_,DL-EDI,Event-Triggered,300.0,0.05,8,30,7,0.35,4,2026-04-01 15:03:00,2026-04-01 15:44:38,completed
DL-EDI_AvgFreq_T300_CR0.05_DS8_U30_A9_CPU0.35_,DL-EDI,AvgFreq,300.0,0.05,8,30,9,0.35,4,2026-04-01 15:51:19,2026-04-01 16:16:04,completed
DL-EDI_MaxFreq_T300_CR0.05_DS8_U30_A9_CPU0.35_,DL-EDI,MaxFreq,300.0,0.05,8,30,9,0.35,4,2026-04-01 16:19:26,2026-04-01 16:53:54,completed
DL-EDI_Event-Triggered_T300_CR0.05_DS8_U30_A9_CPU0.35_,DL-EDI,Event-Triggered,300.0,0.05,8,30,9,0.35,4,2026-04-01 16:58:09,2026-04-01 18:15:31,completed
DL-EDI_Event-Triggered_T300_CR0.05_DS8_U30_A9_CPU0.35_,DL-EDI,Event-Triggered,300.0,0.05,8,30,9,0.35,4,2026-04-01 17:40:30,2026-04-01 18:15:31,completed
DL-EDI_VFCO_T300_CR0.05_DS8_U30_A5_CPU0.35_,DL-EDI,VFCO,300.0,0.05,8,30,5,0.35,4,2026-04-01 18:25:33,2026-04-01 22:42:51,completed
DL-EDI_VFCO_T300_CR0.05_DS8_U30_A5_CPU0.35_,DL-EDI,VFCO,300.0,0.05,8,30,5,0.35,4,2026-04-01 19:39:51,2026-04-01 22:42:51,completed
DL-EDI_VFCO_T300_CR0.05_DS8_U30_A5_CPU0.35_,DL-EDI,VFCO,300.0,0.05,8,30,5,0.35,4,2026-04-01 19:40:29,2026-04-01 22:42:51,completed
DL-EDI_VFCO_T300_CR0.05_DS8_U30_A5_CPU0.35_,DL-EDI,VFCO,300.0,0.05,8,30,5,0.35,4,2026-04-01 20:04:30,2026-04-01 22:42:51,completed
DL-EDI_VFCO_T300_CR0.05_DS8_U30_A5_CPU0.35_,DL-EDI,VFCO,300.0,0.05,8,30,5,0.35,4,2026-04-01 20:36:55,2026-04-01 22:42:51,completed
DL-EDI_VFCO_T300_CR0.05_DS8_U30_A5_CPU0.35_,DL-EDI,VFCO,300.0,0.05,8,30,5,0.35,4,2026-04-01 22:06:45,2026-04-01 22:42:51,completed
DL-EDI_VFCO_T300_CR0.05_DS8_U30_A5_CPU0.35_,DL-EDI,VFCO,300.0,0.05,8,30,5,0.35,4,2026-04-01 22:09:46,2026-04-01 22:42:51,completed
